"Keywords","Questions","Modifiers"
"playstation 5","who playstation network","playstation for sale"
"playstation plus","who ps score","playstation for pc"
"playstation 4","who ps 1","playstation for phone"
"playstation store","playstation who wants to be a millionaire","playstation for kids"
"playstation network","who ps 0","playstation for iphone"
"playstation portal","playstation who made it","playstation for android"
"playstation support","playstation who's your daddy","playstation for honor"
"playstation login","playstation who owns","playstation for free"
"playstation direct","ps2","playstation for mac"
"playstation hacked","who ps 3","playstation for windows"
"playstation 0","how playstation plus works","playstation is better than xbox"
"playstation 007 games","how playstation remote play works","playstation is owned by"
"playstation 007","how playstation was created","playstation is too hot"
"playstation 007 the world is not enough","how playstation works","playstation is down"
"playstation 06 avatar","how playstation backbone works","playstation is dying"
"playstation 0lus","how playstation players brush their teeth","playstation is whack"
"playstation 0800 number","how playstation 5 works","playstation is owned by which company"
"playstation 01","how playstation portal works","playstation is sony"
"ps 0","how playstation is better than xbox","playstation is trash"
"ps 02 pasig city","how playstation changed everything","playstation is greedy"
"playstation 1","which playstation 5 is better","playstation in japanese"
"playstation 1-800 customer service number","which playstation plus should i get","playstation in safe mode"
"playstation 1 release date","which playstation 3 is backwards compatible","playstation in order"
"playstation 1 games","which playstation is the best","playstation in spanish"
"playstation 1 controller","which playstation is backwards compatible","playstation in ear headphones"
"playstation 1 emulator","which playstation 4 is the best","playstation in pocket"
"playstation 1 for sale","which playstation sold the most","playstation in car"
"playstation 1 roms","which playstation is better","playstation in store"
"playstation 1 bios","which playstation should i buy","playstation in chinese"
"playstation 1 games list","which playstation 5 to buy","playstation in india"
"playstation 2","what playstation games are on pc","playstation near me"
"playstation 2 games","what playstation plus","playstation detroit"
"playstation 2 release date","what playstation is out now","playstation grand rapids"
"playstation 2 emulator","what playstation number","playstation near me for sale"
"playstation 2 for sale","what playstation games are coming to pc","playstation near me to play"
"playstation 2 controller","what playstation exclusives are on pc","playstation near by"
"playstation 2 bios","what playstation should i buy","playstation near alexandria"
"playstation 2 roms","what playstation game should i play","playstation near chandigarh"
"playstation 2 slim","what playstation 5 is better","ups near me"
"playstation 2 console","what playstation games are coming to xbox","near playstation shop"
"playstation 3","why playstation is better than xbox","playstation to pc"
"playstation 3 controller","why playstation network sign in failed","playstation to go"
"playstation 3 release date","why playstation network is not working","playstation to discord"
"playstation 3 games","why playstation plus","playstation to xbox controls"
"playstation 3 for sale","why playstation is bad","playstation to xbox controller adapter"
"playstation 3 emulator","why playstation is better than xbox reddit","playstation to hdmi"
"playstation 3 console","why playstation is better than nintendo","playstation to usb adapter"
"playstation 3 store","why playstation is better than pc","playstation to xbox crossplay games"
"playstation 3 slim","why playstation is better","playstation to laptop hdmi"
"playstation 3 power cord","why playstation is worse than xbox","playstation to pc ports"
"playstation 4","when playstation 6 come out","playstation with screen"
"playstation 4 pro","when playstation 5 come out","playstation with pt"
"playstation 4 controller","when playstation 1 came out","playstation with built in games"
"playstation 4 games","when playstation 2 came out","playstation with vr"
"playstation 4 release date","when playstation 3 come out","playstation with vr bundle"
"playstation 4 repair near me","when playstation came out","playstation with disc drive"
"playstation 4 slim","when playstation 6","playstation with pt for sale"
"playstation 4 for sale","when playstation 4 come out","playstation with pt price"
"playstation 4 pro ps4","when playstation showcase","playstation with tv"
"playstation 4 price","when playstation 6 release","playstation with little oozie"
"playstation 5","are playstation servers down","playstation without console"
"playstation 5 controller","are playstation 4 servers shutting down","playstation without internet"
"playstation 5 games","are playstation servers shutting down","playstation without controller"
"playstation 5 digital","are playstation plus games free","playstation without subscription"
"playstation 5 digital edition","are playstation controllers bluetooth","playstation without tv"
"playstation 5 price","are playstation exclusives on pc","ps without header"
"playstation 5 pro","are playstation games backwards compatible","ps without grep"
"playstation 5 release date","are playstation servers down 2023","playstation plus without console"
"playstation 5 console","are playstation 4 backwards compatible","playstation now without console"
"playstation 5 slim","are playstation plus games permanent","playstation 5 without disc drive"
"playstation 6","will playstation get starfield","playstation and pc crossplay games"
"playstation 6 release date","will playstation make another psp","playstation and temu"
"playstation 6 games","will playstation headset work on xbox","playstation and xbox"
"playstation 6 concept","will playstation vr work on ps5","playstation and discord"
"playstation 6 controller","will playstation 5 go on sale","playstation and xbox party chat"
"playstation 64","will playstation buy rockstar","playstation and call of duty"
"playstation 6 for sale","will playstation home return","playstation and microsoft"
"playstation 6 pictures","will playstation get discord","playstation and xbox controller"
"playstation 6 2028","will playstation ever get roblox","playstation and roblox"
"playstation 69","will playstation refund a game","playstation and share buttons"
"playstation 7","can playstation 5 play dvds","playstation like controller for xbox"
"playstation 7 release date","can playstation 4 play dvds","playstation like controller for switch"
"playstation 7 days to die","can playstation use discord","playstation like controller for pc"
"playstation 75 gift card","can playstation play with xbox on minecraft","playstation like nintendo switch"
"playstation 7 price","can playstation play with xbox","playstation like a dragon ishin"
"playstation 75 off sale","can playstation minecraft play with pc","playstation like games"
"playstation 7 day suspension","can playstation play with xbox on gta","playstation like a dragon"
"playstation 7 games","can playstation controllers work on pc","playstation like a dragon gaiden"
"playstation 777","can playstation play blu ray","playstation like games in android"
"playstation 7 day free trial","can playstation play with pc on r6","alternative to playstation"
"playstation 8","where playstation is made","playstation or xbox"
"playstation 800 number","where's playstation network","playstation or xbox 2023"
"playstation 8k","where playstation 5 in stock","playstation or xbox better"
"playstation 825gb","where playstation trophies","playstation or xbox reddit"
"playstation 800 phone number","where playstation 4 made","playstation or nintendo switch"
"playstation 800","playstation where to buy","playstation or xbox controller for pc"
"playstation 8mb memory card","where ps i love you was filmed","playstation or nintendo"
"playstation 80","where ps in email","playstation or pc"
"playstation 8 price","playstation where is r3","playstation or switch"
"playstation 8tb ssd","playstation where is my order","playstation or xbox 2023 reddit"
"playstation 9","is playstation network down","playstation versus xbox"
"playstation 9 release date","is playstation still hacked","playstation versus xbox 2023"
"playstation 9 commercial","is playstation plus worth it","playstation versus xbox versus nintendo"
"playstation 90s","is playstation hacked","playstation versus nintendo"
"playstation 90s games","is playstation better than xbox","playstation vs xbox sales"
"playstation 99","is playstation 5 backwards compatible","playstation vs xbox exclusives"
"playstation 9.99","is playstation network free","playstation vs xbox controller"
"playstation 99+ hours","is playstation plus premium worth it","playstation vs nintendo"
"playstation 9 ad","is playstation shutting down","playstation vs ps1"
"playstation 9.00 update","is playstation 4 backwards compatible","playstation vs xbox reddit"
"playstation account","","playstation vs xbox"
"playstation app","","playstation vs xbox sales"
"playstation account login","","playstation vs xbox exclusives"
"playstation app pc","","playstation vs xbox controller"
"playstation all stars","","playstation vs nintendo"
"playstation authenticator app","","playstation vs xbox vs nintendo"
"playstation account management","","playstation vs ps1"
"playstation account recovery","","playstation vs xbox reddit"
"playstation accessories","","playstation vs playstation 1"
"playstation account sign up","","playstation vs nintendo switch"
"playstation backbone","",""
"playstation blog","",""
"playstation bios","",""
"playstation backbone iphone","",""
"playstation buttons","",""
"playstation breach","",""
"playstation backup codes","",""
"playstation baldur's gate 3","",""
"playstation beta","",""
"playstation backbone android","",""
"playstation controller","",""
"playstation customer service","",""
"playstation customer service number","",""
"playstation credit card","",""
"playstation card","",""
"playstation customer support phone number","",""
"playstation classic","",""
"playstation controller for xbox","",""
"playstation cloud gaming","",""
"playstation careers","",""
"playstation direct","",""
"playstation discount code","",""
"playstation dreams","",""
"playstation discord","",""
"playstation dualsense edge","",""
"playstation dunks","",""
"playstation down","",""
"playstation deals","",""
"playstation digital gift card","",""
"playstation digital","",""
"playstation exclusives","",""
"playstation earbuds","",""
"playstation exclusive games","",""
"playstation emulator","",""
"playstation elite controller","",""
"playstation exclusive games list","",""
"playstation email","",""
"playstation emulator for pc","",""
"playstation extra","",""
"playstation external hard drive","",""
"playstation free games","",""
"playstation five","",""
"playstation free games september 2023","",""
"playstation forgot password","",""
"playstation free games july 2023","",""
"playstation free games august 2023","",""
"playstation free games october 2023","",""
"playstation family management","",""
"playstation for sale","",""
"playstation friends","",""
"playstation gift card","",""
"playstation games","",""
"playstation game pass","",""
"playstation gift card online","",""
"playstation gear","",""
"playstation gift card codes","",""
"playstation games of the month","",""
"playstation games 2023","",""
"playstation games on pc","",""
"playstation got hacked","",""
"playstation hacked","",""
"playstation handheld","",""
"playstation headset","",""
"playstation help","",""
"playstation headphones","",""
"playstation home","",""
"playstation help number","",""
"playstation handheld 2023","",""
"playstation help and support","",""
"playstation headquarters","",""
"playstation id","",""
"playstation internship","",""
"playstation icon","",""
"playstation internet browser","",""
"playstation images","",""
"playstation id lookup","",""
"playstation ip puller","",""
"playstation iphone controller","",""
"playstation in japanese","",""
"playstation internet","",""
"playstation jobs","",""
"playstation july free games 2023","",""
"playstation jim ryan","",""
"playstation joystick","",""
"playstation july games","",""
"playstation jordans","",""
"playstation japan","",""
"playstation june free games 2023","",""
"playstation jacket","",""
"playstation just dance","",""
"playstation keyboard","",""
"playstation keeps shutting off","",""
"playstation keyboard and mouse","",""
"playstation keeps disconnecting from wifi","",""
"playstation kids games","",""
"playstation kinect","",""
"playstation keys","",""
"playstation keychain","",""
"playstation kiosk","",""
"playstation keycaps","",""
"playstation login","",""
"playstation logo","",""
"playstation live chat","",""
"playstation lifestyle","",""
"playstation live","",""
"playstation live chat support","",""
"playstation lawsuit","",""
"playstation logo png","",""
"playstation leak","",""
"playstation light","",""
"playstation membership","",""
"playstation monthly games","",""
"playstation move","",""
"playstation mini","",""
"playstation messages","",""
"playstation mobile","",""
"playstation monthly games october 2023","",""
"playstation movies","",""
"playstation move controller","",""
"playstation memory card","",""
"playstation network","",""
"playstation news","",""
"playstation now","",""
"playstation network sign in","",""
"playstation network status","",""
"playstation number","",""
"playstation network support","",""
"playstation network login","",""
"playstation network customer service","",""
"playstation network down","",""
"playstation online","",""
"playstation october free games","",""
"playstation one","",""
"playstation online cost","",""
"playstation october games","",""
"playstation online assistant","",""
"playstation or xbox","",""
"playstation order lookup","",""
"playstation only games","",""
"playstation on pc","",""
"playstation plus","",""
"playstation portal","",""
"playstation portable","",""
"playstation plus price increase","",""
"playstation plus games","",""
"playstation plus membership","",""
"playstation portal remote player","",""
"playstation phone number","",""
"playstation plus october 2023","",""
"playstation plus july 2023","",""
"playstation q","",""
"playstation q lite","",""
"playstation q release date","",""
"playstation q handheld","",""
"playstation qr code","",""
"playstation q lite handheld","",""
"playstation questions","",""
"playstation qr code scanner","",""
"playstation q pre order","",""
"playstation quest","",""
"playstation remote play","",""
"playstation refund","",""
"playstation roms","",""
"playstation remote play pc","",""
"playstation remote","",""
"playstation redeem code","",""
"playstation repair","",""
"playstation release date","",""
"playstation roblox","",""
"playstation repair near me","",""
"playstation store","",""
"playstation support","",""
"playstation support number","",""
"playstation sign in","",""
"playstation store discount code","",""
"playstation support live chat","",""
"playstation subscription","",""
"playstation store refund","",""
"playstation stars","",""
"playstation servers","",""
"playstation trophies","",""
"playstation tv","",""
"playstation twitter","",""
"playstation twisted metal","",""
"playstation tech support","",""
"playstation temu","",""
"playstation tech support number","",""
"playstation trophy level","",""
"playstation transaction history","",""
"playstation travis scott shoes","",""
"playstation update","",""
"playstation update file","",""
"playstation username search","",""
"playstation username","",""
"playstation underground","",""
"playstation uk","",""
"playstation universe","",""
"playstation upcoming games","",""
"playstation upgrader program","",""
"playstation username ideas","",""
"playstation vr","",""
"playstation vr2","",""
"playstation vita","",""
"playstation vr headset","",""
"playstation vs xbox","",""
"playstation vr games","",""
"playstation vr2 games","",""
"playstation visa","",""
"playstation vue","",""
"playstation vr2 price","",""
"playstation website","",""
"playstation wallet","",""
"playstation wallpaper","",""
"playstation wheel","",""
"playstation wireless headset","",""
"playstation wireless earbuds","",""
"playstation warranty","",""
"playstation wiki","",""
"playstation wall mount","",""
"playstation watch","",""
"playstation x","",""
"playstation xbox","",""
"playstation xbox crossplay games","",""
"playstation xbox controller","",""
"playstation x button","",""
"playstation x travis scott","",""
"playstation xbox nintendo","",""
"playstation xbox lawsuit","",""
"playstation x backbone","",""
"playstation xstation","",""
"playstation youtube","",""
"playstation yearly subscription","",""
"playstation year in review","",""
"playstation year","",""
"playstation yellow light","",""
"playstation yugioh games","",""
"playstation year released","",""
"playstation yarn game","",""
"playstation yearly revenue","",""
"playstation yakuza","",""
"playstation zombie games","",""
"playstation zelda","",""
"playstation zen","",""
"playstation zero","",""
"playstation zero build cup","",""
"playstation zelda game","",""
"playstation zombie survival games","",""
"playstation z","",""
"playstation zombie game 2023","",""
"playstation zip up hoodie","",""