Keyword,Score,Hot,Source,Country
robe,100,Yes,Google Shopping,USA
roberto cavalli,97.57,Yes,Google Shopping,USA
robert graham,92.58,Yes,Google Shopping,USA
robert graham shirts,92.55,Yes,Google Shopping,USA
robert mondavi,87.57,Yes,Google Shopping,USA
robes for women,87.57,Yes,Google Shopping,USA
robert de niro,77.57,Yes,Google Shopping,USA
robert greene books,75.12,Yes,Google Shopping,USA
roberto clemente,72.5,Yes,Google Shopping,USA
roberto coin,70.01,Yes,Google Shopping,USA
robe set,97.62,No,Google Shopping,USA
robe hook,96.27,No,Google Shopping,USA
robe curls,95.73,No,Google Shopping,USA
robe lighting,95.71,No,Google Shopping,USA
robe men,95.48,No,Google Shopping,USA
robe belt,95.47,No,Google Shopping,USA
robe rack,95.21,No,Google Shopping,USA
robe jacket,95.19,No,Google Shopping,USA
robe kimono,95.19,No,Google Shopping,USA
robe zipper,95.19,No,Google Shopping,USA
robe 8 ans,95.1,No,Google Shopping,USA
robe gift set,95.08,No,Google Shopping,USA
robe for women,95.07,No,Google Shopping,USA
robe 70s,94.95,No,Google Shopping,USA
robe 90s,94.95,No,Google Shopping,USA
robe dress,94.93,No,Google Shopping,USA
robe towel,94.93,No,Google Shopping,USA
robe uniqlo,94.92,No,Google Shopping,USA
robe esprite,94.91,No,Google Shopping,USA
robe pattern,94.91,No,Google Shopping,USA
robe quinceanera,94.89,No,Google Shopping,USA
robe 2023 ete,94.82,No,Google Shopping,USA
robe 3t,94.7,No,Google Shopping,USA
robe with hood,94.29,No,Google Shopping,USA
robe iforte price,93.5,No,Google Shopping,USA
scream 5 robe,93.26,No,Google Shopping,USA
robe 100 cotton,93.25,No,Google Shopping,USA
robe tetra x,92.74,No,Google Shopping,USA
robe 0039 italy,92.73,No,Google Shopping,USA
robe victoria secret,92.71,No,Google Shopping,USA
robe 4 ans fille,92.56,No,Google Shopping,USA
robe and slipper set,92.55,No,Google Shopping,USA
robe near me,92.48,No,Google Shopping,USA
robe zara,92.36,No,Google Shopping,USA
quilted robe,90.81,No,Google Shopping,USA
robe 600 led wash,90.79,No,Google Shopping,USA
robe rose,90.58,No,Google Shopping,USA
robe women,90.57,No,Google Shopping,USA
robe of stars mtg,90.53,No,Google Shopping,USA
robe yves saint laurent,90.51,No,Google Shopping,USA
robe 150,90.34,No,Google Shopping,USA
robe tie,90.34,No,Google Shopping,USA
robe kids,90.33,No,Google Shopping,USA
robe girls,90.32,No,Google Shopping,USA
robe 5 ans,90.1,No,Google Shopping,USA
robe usa,90.09,No,Google Shopping,USA
robe ysl,90.09,No,Google Shopping,USA
robe année 70,90.08,No,Google Shopping,USA
robe for men,90.08,No,Google Shopping,USA
robe long,90.08,No,Google Shopping,USA
robe pajama set,90.07,No,Google Shopping,USA
robe shein,90.07,No,Google Shopping,USA
robe jeans femme,90.06,No,Google Shopping,USA
robe nightgown set,90.06,No,Google Shopping,USA
robe blanket,90.05,No,Google Shopping,USA
robe cardigan,90.05,No,Google Shopping,USA
robe versace,90.05,No,Google Shopping,USA
robe megapointe,90.04,No,Google Shopping,USA
robe 46,89.85,No,Google Shopping,USA
robe 2023 tendance,89.32,No,Google Shopping,USA
robe hook chrome,89.07,No,Google Shopping,USA
robe de mariée,88.59,No,Google Shopping,USA
mens robe 3xl,88.35,No,Google Shopping,USA
scream 6 robe,88.35,No,Google Shopping,USA
robe maloya 974,88.1,No,Google Shopping,USA
robe en chemise,87.6,No,Google Shopping,USA
robe in spanish,87.6,No,Google Shopping,USA
location robe 06,87.59,No,Google Shopping,USA
robe mariage,87.58,No,Google Shopping,USA
robe blanche 8 ans,87.56,No,Google Shopping,USA
robe and swaddle set,87.55,No,Google Shopping,USA
robe rouge,85.68,No,Google Shopping,USA
robe of the archmagi,85.63,No,Google Shopping,USA
robe 100,85.46,No,Google Shopping,USA
robe bmfl,85.45,No,Google Shopping,USA
robe kabyle,85.43,No,Google Shopping,USA
robe y2k,85.22,No,Google Shopping,USA
robe silk,85.21,No,Google Shopping,USA
robe green,85.2,No,Google Shopping,USA
quince robe,85.19,No,Google Shopping,USA
robe hoodie,85.19,No,Google Shopping,USA
robe nearby,85.19,No,Google Shopping,USA
robe target,85.19,No,Google Shopping,USA
robe clothing,85.18,No,Google Shopping,USA
robe indienne,85.18,No,Google Shopping,USA
robe viscose,85.18,No,Google Shopping,USA
robe 6 ans,85.1,No,Google Shopping,USA
robe zara blanche,85.06,No,Google Shopping,USA
robe 42,85,No,Google Shopping,USA
robe for kids,84.85,No,Google Shopping,USA
robe with feathers,84.13,No,Google Shopping,USA
dry robe xxl,83.68,No,Google Shopping,USA
robe jacket womens,83.66,No,Google Shopping,USA
robe plus size,82.97,No,Google Shopping,USA
robe locust tree,82.96,No,Google Shopping,USA
robe urban outfitters,82.95,No,Google Shopping,USA
creed 3 robe,82.75,No,Google Shopping,USA
robe en pagne,82.75,No,Google Shopping,USA
robe of eyes,82.75,No,Google Shopping,USA
robe de chambre,82.74,No,Google Shopping,USA
robe année 70 chic,82.56,No,Google Shopping,USA
robe fille 5 ans,82.56,No,Google Shopping,USA
robe and nightgown set,82.55,No,Google Shopping,USA
robe année 90 vintage,82.55,No,Google Shopping,USA
scream robe 25th anniversary,81.41,No,Google Shopping,USA
robe footsie,81.22,No,Google Shopping,USA
ugg robe,80.81,No,Google Shopping,USA
yukata robe,80.78,No,Google Shopping,USA
robe sale,80.58,No,Google Shopping,USA
robe tetra,80.57,No,Google Shopping,USA
robe verte,80.57,No,Google Shopping,USA
robe 60s,80.36,No,Google Shopping,USA
robe coat,80.35,No,Google Shopping,USA
queen robe,80.34,No,Google Shopping,USA
robe brands,80.33,No,Google Shopping,USA
robe walmart,80.32,No,Google Shopping,USA
robe promotion,80.31,No,Google Shopping,USA
robe 48,80.15,No,Google Shopping,USA
robe zara noir,80.07,No,Google Shopping,USA
robe jaune longue,80.06,No,Google Shopping,USA
robe mariage civil,80.06,No,Google Shopping,USA
robe fille 8 ans zara,80.05,No,Google Shopping,USA
robe naissance fille 0 mois,80.04,No,Google Shopping,USA
robe kabyle 2023,79.62,No,Google Shopping,USA
robe lighting footsie,79.61,No,Google Shopping,USA
robe hook black,79.41,No,Google Shopping,USA
scream 2 robe,78.55,No,Google Shopping,USA
robe noire dentelle,78.52,No,Google Shopping,USA
robe gift box,78.33,No,Google Shopping,USA
robe manche 3/4,78.32,No,Google Shopping,USA
robe robin pointe,78.31,No,Google Shopping,USA
dry robe xs,78.12,No,Google Shopping,USA
robe di kappa,78.11,No,Google Shopping,USA
robe en crochet,77.88,No,Google Shopping,USA
robe in french,77.88,No,Google Shopping,USA
robe of mirrors,77.88,No,Google Shopping,USA
robe année 70 vintage,77.55,No,Google Shopping,USA
robe soirée année 90,77.55,No,Google Shopping,USA
robe style année 80,77.55,No,Google Shopping,USA
robe jaune,76.33,No,Google Shopping,USA
robe 150 led beam,76.29,No,Google Shopping,USA
quidditch robe,75.87,No,Google Shopping,USA
robe iforte,75.68,No,Google Shopping,USA
robe pointe,75.68,No,Google Shopping,USA
robe summer,75.68,No,Google Shopping,USA
yellow robe,75.68,No,Google Shopping,USA
robe navy,75.49,No,Google Shopping,USA
robe boxes,75.48,No,Google Shopping,USA
robe linen,75.48,No,Google Shopping,USA
robe royal,75.48,No,Google Shopping,USA
robe outfit,75.47,No,Google Shopping,USA
robe waffle,75.47,No,Google Shopping,USA
unicorn robe,75.46,No,Google Shopping,USA
robe graduation,75.45,No,Google Shopping,USA
robe maternity,75.45,No,Google Shopping,USA
robe zimmermann,75.45,No,Google Shopping,USA
robe a la francaise,75.43,No,Google Shopping,USA
robe xs,75.3,No,Google Shopping,USA
robe 4 ans,75.1,No,Google Shopping,USA
robe de mariage,75.07,No,Google Shopping,USA
robe kimono femme,75.06,No,Google Shopping,USA
robe dété 2023,74.45,No,Google Shopping,USA
robe de mariée 5000 euros,74.22,No,Google Shopping,USA
robe tie curls,74.04,No,Google Shopping,USA
robe vert sauge,73.84,No,Google Shopping,USA
robe curls headband,73.82,No,Google Shopping,USA
robe di kappa 0 torino,73.41,No,Google Shopping,USA
robe 12 ans fille,72.56,No,Google Shopping,USA
robe 6 ans fille,72.56,No,Google Shopping,USA
robe en lin femme,72.56,No,Google Shopping,USA
robe 2023,71.82,No,Google Shopping,USA
robe mariée,71.4,No,Google Shopping,USA
robe vintage,71.39,No,Google Shopping,USA
robe from the idol,71.17,No,Google Shopping,USA
robe hooks home depot,71.16,No,Google Shopping,USA
robe gown,71.02,No,Google Shopping,USA
robe 3/4,70.83,No,Google Shopping,USA
robe satin,70.81,No,Google Shopping,USA
robe t11,70.63,No,Google Shopping,USA
robe bath,70.62,No,Google Shopping,USA
robe white,70.61,No,Google Shopping,USA
robe painte,70.6,No,Google Shopping,USA
robe jacquard,70.59,No,Google Shopping,USA
robe orientale,70.58,No,Google Shopping,USA
robe de mariee 06,70.57,No,Google Shopping,USA
robe zara femme,70.07,No,Google Shopping,USA
zara robe 0387,70.07,No,Google Shopping,USA
robe 30 ans sinon rien,70.05,No,Google Shopping,USA
robe africaine fille 8 ans,70.04,No,Google Shopping,USA
robe and swaddle set boy,70.04,No,Google Shopping,USA
robe année 70 style courrege,70.04,No,Google Shopping,USA
robe longue fille 9 ans,70.04,No,Google Shopping,USA
robe for girls,69.88,No,Google Shopping,USA
dryrobe xl,69.48,No,Google Shopping,USA
robe taille 48 50 cérémonie,69.46,No,Google Shopping,USA
quilted robe womens,69.28,No,Google Shopping,USA
robe rose pale,68.73,No,Google Shopping,USA
robe noire courte,68.72,No,Google Shopping,USA
unique robe hooks,68.72,No,Google Shopping,USA
robe de soirée,68.54,No,Google Shopping,USA
yellow robe smith,68.53,No,Google Shopping,USA
robe en lin,68.36,No,Google Shopping,USA
robe cover up,68.35,No,Google Shopping,USA
robe kiss lashes,68.33,No,Google Shopping,USA
robe xixe siècle,68.33,No,Google Shopping,USA
robe 10 ans fille,67.56,No,Google Shopping,USA
robe blanche 4 ans,67.56,No,Google Shopping,USA
robe and pajama set,67.55,No,Google Shopping,USA
robe invitée mariage 2023,67.54,No,Google Shopping,USA
robe lighting footsie 2,67.17,No,Google Shopping,USA
robe de mariée 500€,66.63,No,Google Shopping,USA
robe bebe 9 mois,66.27,No,Google Shopping,USA
robe cérémonie femme 60 ans,65.04,No,Google Shopping,USA
robe ceremonie fille 7 ans,65.04,No,Google Shopping,USA
robe clasa a 8 a,63.28,No,Google Shopping,USA
robe hook for glass shower door,62.53,No,Google Shopping,USA
robe noire,61.23,No,Google Shopping,USA
youth robe,61.06,No,Google Shopping,USA
robe cotton,61.05,No,Google Shopping,USA
robe pink,60.9,No,Google Shopping,USA
robe kmart,60.89,No,Google Shopping,USA
robe shirt,60.89,No,Google Shopping,USA
robe designer,60.87,No,Google Shopping,USA
robe meaning,60.87,No,Google Shopping,USA
robe violette,60.87,No,Google Shopping,USA
robe renaissance,60.85,No,Google Shopping,USA
robe 3 ans,60.1,No,Google Shopping,USA
robe 14 ans,60.09,No,Google Shopping,USA
robe gown set,60.08,No,Google Shopping,USA
robe xs fille,60.08,No,Google Shopping,USA
robe zara verte,60.07,No,Google Shopping,USA
robe jaune mariage,60.06,No,Google Shopping,USA
robe invitée mariage,60.05,No,Google Shopping,USA
robe for bride,59.74,No,Google Shopping,USA
robe hook rack,59.58,No,Google Shopping,USA
quilted robe men,59.4,No,Google Shopping,USA
robe blanche chic,59.4,No,Google Shopping,USA
ugg robe mens,59.26,No,Google Shopping,USA
robe annee 90,58.6,No,Google Shopping,USA
robe of stars,58.6,No,Google Shopping,USA
robe terry cloth,58.58,No,Google Shopping,USA
robe en soie,58.44,No,Google Shopping,USA
robe and gown set,57.56,No,Google Shopping,USA
robe longue année 70,57.55,No,Google Shopping,USA
robe longue taille 48,57.55,No,Google Shopping,USA
robe retro année 60,57.55,No,Google Shopping,USA
robe année 80 paillette,57.54,No,Google Shopping,USA
robe with attached belt,57.38,No,Google Shopping,USA
robe de mariée 06,56.61,No,Google Shopping,USA
robe 2 en 1,55.86,No,Google Shopping,USA
robe vintage année 50 mariage,55.03,No,Google Shopping,USA
robe rope,51.32,No,Google Shopping,USA
robe kaki,51.17,No,Google Shopping,USA
ulta robe,51.17,No,Google Shopping,USA
robe short,51.16,No,Google Shopping,USA
robe enfant,51.15,No,Google Shopping,USA
robe holder,51.15,No,Google Shopping,USA
robe luxury,51.15,No,Google Shopping,USA
robe costume,51.14,No,Google Shopping,USA
robe drawing,51.14,No,Google Shopping,USA
robe inserts,51.14,No,Google Shopping,USA
robe t1,51.06,No,Google Shopping,USA
robe xl,51.06,No,Google Shopping,USA
robe pour femme,50.07,No,Google Shopping,USA
robe zara rose,50.07,No,Google Shopping,USA
robe jaune femme,50.06,No,Google Shopping,USA
robe noir longue,50.06,No,Google Shopping,USA
robe mariage simple,50.05,No,Google Shopping,USA
robe for boys,49.81,No,Google Shopping,USA
robe and slippers,49.79,No,Google Shopping,USA
robe vert deau,49.25,No,Google Shopping,USA
quidditch robe ravenclaw,49.08,No,Google Shopping,USA
youth robe raincoat,48.95,No,Google Shopping,USA
robe 2 piece,48.71,No,Google Shopping,USA
robe 3 trous,48.71,No,Google Shopping,USA
robe fille 9 ans,47.56,No,Google Shopping,USA
robe longue taille 44,47.55,No,Google Shopping,USA
robe trapèze année 70,47.55,No,Google Shopping,USA
robe 18 ans anniversaire,47.54,No,Google Shopping,USA
rope lights,46.97,No,Google Shopping,USA
robe bébé 0-3 mois,46.78,No,Google Shopping,USA
robe beach cover up,46.51,No,Google Shopping,USA
robe gal meets glam,46.51,No,Google Shopping,USA
robe of many colors,46.38,No,Google Shopping,USA
robe été fille 6 ans,45.05,No,Google Shopping,USA
robe cérémonie fille 8 ans,45.04,No,Google Shopping,USA
robe femme 50 ans moderne,45.04,No,Google Shopping,USA
robe with berries on it,44.67,No,Google Shopping,USA
robe xxl,41.69,No,Google Shopping,USA
robe soirée,41.66,No,Google Shopping,USA
robe 974,41.57,No,Google Shopping,USA
unique robe,41.54,No,Google Shopping,USA
robe forte,41.44,No,Google Shopping,USA
robe gucci,41.44,No,Google Shopping,USA
robe kiabi,41.44,No,Google Shopping,USA
robe caftan,41.43,No,Google Shopping,USA
robe empire,41.43,No,Google Shopping,USA
robe warmer,41.43,No,Google Shopping,USA
robe nuisette,41.42,No,Google Shopping,USA
robe terraria,41.42,No,Google Shopping,USA
robe zara bleu,40.07,No,Google Shopping,USA
robe invité mariage,40.05,No,Google Shopping,USA
robe mariage invitée,40.05,No,Google Shopping,USA
mens yukata robe,39.51,No,Google Shopping,USA
robe jaune moutarde,39.5,No,Google Shopping,USA
robe vert olive,39.41,No,Google Shopping,USA
robe rouge satin,39.4,No,Google Shopping,USA
slytherin quidditch robe,39.27,No,Google Shopping,USA
robe bmfl followspot,39.17,No,Google Shopping,USA
robe de bal,39.1,No,Google Shopping,USA
robe on sale,39.09,No,Google Shopping,USA
robe 123 maison,39.08,No,Google Shopping,USA
robe 3 suisses,38.97,No,Google Shopping,USA
robe longue 8 ans,37.56,No,Google Shopping,USA
robe ceremonie 5 ans,37.55,No,Google Shopping,USA
robe longue taille 46,37.55,No,Google Shopping,USA
robe lighting footsie price,37.54,No,Google Shopping,USA
robe pour mariage civil,37.54,No,Google Shopping,USA
robe hook matte black,37.34,No,Google Shopping,USA
robe 5 à 7,36.47,No,Google Shopping,USA
robe ete femme 60 ans,35.05,No,Google Shopping,USA
robe and swaddle set girl,35.04,No,Google Shopping,USA
robe année 20 grande taille,35.04,No,Google Shopping,USA
robe top,31.73,No,Google Shopping,USA
robe cube,31.72,No,Google Shopping,USA
robe patt,31.72,No,Google Shopping,USA
robe guess,31.71,No,Google Shopping,USA
robe kookai,31.7,No,Google Shopping,USA
robe nighty,31.7,No,Google Shopping,USA
robe medieval,31.69,No,Google Shopping,USA
robe amerimark,31.68,No,Google Shopping,USA
robe lightweight,31.67,No,Google Shopping,USA
robe xxl femme,30.07,No,Google Shopping,USA
robe rouge mariage,30.06,No,Google Shopping,USA
robe zara longue,30.06,No,Google Shopping,USA
robe ete 2023,30,No,Google Shopping,USA
vintage quilted robe,29.89,No,Google Shopping,USA
robe footsie price,29.81,No,Google Shopping,USA
robe with zipper,29.81,No,Google Shopping,USA
robe belt curls,29.74,No,Google Shopping,USA
yukata robe womens,29.65,No,Google Shopping,USA
robe vert emeraude,29.57,No,Google Shopping,USA
robe summer berries,29.47,No,Google Shopping,USA
robe iron table,29.33,No,Google Shopping,USA
robe demon slayer,29.32,No,Google Shopping,USA
robe hello kitty,29.32,No,Google Shopping,USA
robe of state,29.26,No,Google Shopping,USA
robe 14 ans fille,27.56,No,Google Shopping,USA
robe 9 ans fille,27.56,No,Google Shopping,USA
ugg robe with hood,27.56,No,Google Shopping,USA
robe anniversaire 30 ans,27.54,No,Google Shopping,USA
robe fleurie annee 70,26.95,No,Google Shopping,USA
robe blanche fille 8 ans,25.04,No,Google Shopping,USA
robe cocktail femme 50 ans,25.04,No,Google Shopping,USA
robe de bal 6 année primaire,22.54,No,Google Shopping,USA
